{
  "run_root": "artifacts/pseudolabel_transduction_20260612T2312KST",
  "validation_only": true,
  "no_kaggle_submit": true,
  "candidate_csv_written": false,
  "external_metadata_used": false,
  "gate": {
    "mean_delta_required": 0.005,
    "min_delta_required": -0.0015,
    "all_splits_required": 3,
    "at_least_two_seed_groups": true
  },
  "best_overall": {
    "top_n": 1.0,
    "min_margin": 0.0,
    "n": 12.0,
    "splits": 3.0,
    "mean_student_acc": 0.7619273854770955,
    "mean_teacher_acc": 0.7619857304794292,
    "mean_delta": -5.834500233376875e-05,
    "min_delta": -0.0015003000600120053,
    "max_delta": 0.001900380076015229,
    "positive_runs": 6.0,
    "mean_pseudo_precision": 0.8442426801801801
  },
  "gate_pass": false,
  "overall": [
    {
      "top_n": 1,
      "min_margin": 0.0,
      "n": 12,
      "splits": 3,
      "mean_student_acc": 0.7619273854770955,
      "mean_teacher_acc": 0.7619857304794292,
      "mean_delta": -5.834500233376875e-05,
      "min_delta": -0.0015003000600120053,
      "max_delta": 0.001900380076015229,
      "positive_runs": 6,
      "mean_pseudo_precision": 0.8442426801801801
    }
  ],
  "by_split": [
    {
      "top_n": 1,
      "min_margin": 0.0,
      "split": "val_random_uniform_seed123",
      "n": 4,
      "mean_student_acc": 0.7599269853970794,
      "mean_teacher_acc": 0.7599519903980796,
      "mean_delta": -2.5005001000166782e-05,
      "min_delta": -0.0002000400080015563,
      "max_delta": 0.0004000800160032236,
      "mean_pseudo_precision": 0.8374155405405406
    },
    {
      "top_n": 1,
      "min_margin": 0.0,
      "split": "val_random_uniform_seed42",
      "n": 4,
      "mean_student_acc": 0.7657781556311263,
      "mean_teacher_acc": 0.7650530106021204,
      "mean_delta": 0.0007251450290058359,
      "min_delta": 0.00020004000800166732,
      "max_delta": 0.001900380076015229,
      "mean_pseudo_precision": 0.855152027027027
    },
    {
      "top_n": 1,
      "min_margin": 0.0,
      "split": "val_random_uniform_seed7",
      "n": 4,
      "mean_student_acc": 0.7600770154030806,
      "mean_teacher_acc": 0.7609521904380876,
      "mean_delta": -0.0008751750350069754,
      "min_delta": -0.0015003000600120053,
      "max_delta": 0.00010002000400077815,
      "mean_pseudo_precision": 0.840160472972973
    }
  ],
  "runs": [
    {
      "split": "val_random_uniform_seed123",
      "top_n": 1,
      "min_margin": 0.0,
      "student_seed": 123,
      "teacher_acc": 0.7599519903980796,
      "student_acc": 0.759751950390078,
      "delta": -0.0002000400080015563,
      "pseudo_edges": 4736,
      "pseudo_precision_diag": 0.8374155405405406,
      "tier": "PSEUDO_NO_GAIN",
      "summary_path": "artifacts/pseudolabel_transduction_20260612T2312KST/val_random_uniform_seed123/topn1_margin0/student_seed123/summary.json",
      "validation_only": true,
      "candidate_csv_written": false,
      "no_kaggle_submit": true,
      "external_metadata_used": false
    },
    {
      "split": "val_random_uniform_seed123",
      "top_n": 1,
      "min_margin": 0.0,
      "student_seed": 2024,
      "teacher_acc": 0.7599519903980796,
      "student_acc": 0.7598519703940788,
      "delta": -0.00010002000400077815,
      "pseudo_edges": 4736,
      "pseudo_precision_diag": 0.8374155405405406,
      "tier": "PSEUDO_NO_GAIN",
      "summary_path": "artifacts/pseudolabel_transduction_20260612T2312KST/val_random_uniform_seed123/topn1_margin0/student_seed2024/summary.json",
      "validation_only": true,
      "candidate_csv_written": false,
      "no_kaggle_submit": true,
      "external_metadata_used": false
    },
    {
      "split": "val_random_uniform_seed123",
      "top_n": 1,
      "min_margin": 0.0,
      "student_seed": 42,
      "teacher_acc": 0.7599519903980796,
      "student_acc": 0.7603520704140828,
      "delta": 0.0004000800160032236,
      "pseudo_edges": 4736,
      "pseudo_precision_diag": 0.8374155405405406,
      "tier": "PSEUDO_WEAK_POSITIVE",
      "summary_path": "artifacts/pseudolabel_transduction_20260612T2312KST/val_random_uniform_seed123/topn1_margin0/student_seed42/summary.json",
      "validation_only": true,
      "candidate_csv_written": false,
      "no_kaggle_submit": true,
      "external_metadata_used": false
    },
    {
      "split": "val_random_uniform_seed123",
      "top_n": 1,
      "min_margin": 0.0,
      "student_seed": 7,
      "teacher_acc": 0.7599519903980796,
      "student_acc": 0.759751950390078,
      "delta": -0.0002000400080015563,
      "pseudo_edges": 4736,
      "pseudo_precision_diag": 0.8374155405405406,
      "tier": "PSEUDO_NO_GAIN",
      "summary_path": "artifacts/pseudolabel_transduction_20260612T2312KST/val_random_uniform_seed123/topn1_margin0/student_seed7/summary.json",
      "validation_only": true,
      "candidate_csv_written": false,
      "no_kaggle_submit": true,
      "external_metadata_used": false
    },
    {
      "split": "val_random_uniform_seed42",
      "top_n": 1,
      "min_margin": 0.0,
      "student_seed": 123,
      "teacher_acc": 0.7650530106021204,
      "student_acc": 0.7669533906781356,
      "delta": 0.001900380076015229,
      "pseudo_edges": 4736,
      "pseudo_precision_diag": 0.855152027027027,
      "tier": "PSEUDO_WEAK_POSITIVE",
      "summary_path": "artifacts/pseudolabel_transduction_20260612T2312KST/val_random_uniform_seed42/topn1_margin0/student_seed123/summary.json",
      "validation_only": true,
      "candidate_csv_written": false,
      "no_kaggle_submit": true,
      "external_metadata_used": false
    },
    {
      "split": "val_random_uniform_seed42",
      "top_n": 1,
      "min_margin": 0.0,
      "student_seed": 2024,
      "teacher_acc": 0.7650530106021204,
      "student_acc": 0.765253050610122,
      "delta": 0.00020004000800166732,
      "pseudo_edges": 4736,
      "pseudo_precision_diag": 0.855152027027027,
      "tier": "PSEUDO_WEAK_POSITIVE",
      "summary_path": "artifacts/pseudolabel_transduction_20260612T2312KST/val_random_uniform_seed42/topn1_margin0/student_seed2024/summary.json",
      "validation_only": true,
      "candidate_csv_written": false,
      "no_kaggle_submit": true,
      "external_metadata_used": false
    },
    {
      "split": "val_random_uniform_seed42",
      "top_n": 1,
      "min_margin": 0.0,
      "student_seed": 42,
      "teacher_acc": 0.7650530106021204,
      "student_acc": 0.7654530906181236,
      "delta": 0.0004000800160032236,
      "pseudo_edges": 4736,
      "pseudo_precision_diag": 0.855152027027027,
      "tier": "PSEUDO_WEAK_POSITIVE",
      "summary_path": "artifacts/pseudolabel_transduction_20260612T2312KST/val_random_uniform_seed42/topn1_margin0/student_seed42/summary.json",
      "validation_only": true,
      "candidate_csv_written": false,
      "no_kaggle_submit": true,
      "external_metadata_used": false
    },
    {
      "split": "val_random_uniform_seed42",
      "top_n": 1,
      "min_margin": 0.0,
      "student_seed": 7,
      "teacher_acc": 0.7650530106021204,
      "student_acc": 0.7654530906181236,
      "delta": 0.0004000800160032236,
      "pseudo_edges": 4736,
      "pseudo_precision_diag": 0.855152027027027,
      "tier": "PSEUDO_WEAK_POSITIVE",
      "summary_path": "artifacts/pseudolabel_transduction_20260612T2312KST/val_random_uniform_seed42/topn1_margin0/student_seed7/summary.json",
      "validation_only": true,
      "candidate_csv_written": false,
      "no_kaggle_submit": true,
      "external_metadata_used": false
    },
    {
      "split": "val_random_uniform_seed7",
      "top_n": 1,
      "min_margin": 0.0,
      "student_seed": 123,
      "teacher_acc": 0.7609521904380876,
      "student_acc": 0.7601520304060813,
      "delta": -0.0008001600320063362,
      "pseudo_edges": 4736,
      "pseudo_precision_diag": 0.840160472972973,
      "tier": "PSEUDO_NO_GAIN",