{
  "variant": {
    "variant": "rankblend_z_plus_score_als_f32_it30_alpha20_popa4_w0.2",
    "axis": "score_als_f32_it30_alpha20_popa4",
    "weight": 0.2,
    "mode": "z",
    "mean_delta_vs_rankblend": 0.00140028005601119,
    "min_delta": 0.0007001400280055581,
    "max_delta": 0.0024004800960192307,
    "positive_splits": 3,
    "fixes": 469,
    "breaks": 385,
    "discordant": 854,
    "changed": 854,
    "pooled_p_exact": 0.004480807252305344,
    "fisher_p": 0.017422963069841535,
    "split_rows": [
      {
        "split": "val_random_uniform_seed42",
        "variant": "rankblend_z_plus_score_als_f32_it30_alpha20_popa4_w0.2",
        "axis": "score_als_f32_it30_alpha20_popa4",
        "weight": 0.2,
        "mode": "z",
        "accuracy": 0.7657531506301261,
        "delta": 0.0011002200440087817,
        "fixes": 156,
        "breaks": 134,
        "discordant": 290,
        "changed": 290,
        "p_exact": 0.21744677607650986
      },
      {
        "split": "val_random_uniform_seed7",
        "variant": "rankblend_z_plus_score_als_f32_it30_alpha20_popa4_w0.2",
        "axis": "score_als_f32_it30_alpha20_popa4",
        "weight": 0.2,
        "mode": "z",
        "accuracy": 0.7618523704740948,
        "delta": 0.0007001400280055581,
        "fixes": 150,
        "breaks": 136,
        "discordant": 286,
        "changed": 286,
        "p_exact": 0.4421228725304551
      },
      {
        "split": "val_random_uniform_seed123",
        "variant": "rankblend_z_plus_score_als_f32_it30_alpha20_popa4_w0.2",
        "axis": "score_als_f32_it30_alpha20_popa4",
        "weight": 0.2,
        "mode": "z",
        "accuracy": 0.7614522904580916,
        "delta": 0.0024004800960192307,
        "fixes": 163,
        "breaks": 115,
        "discordant": 278,
        "changed": 278,
        "p_exact": 0.004730989962632326
      }
    ],
    "manual_risk_signal": true
  },
  "materialized": {
    "file": "/opt/data/kaggle/kmu-rec-sys-26-steam/submissions/candidate_autorun_rankblend_z_plus_score_als_f32_it30_alpha20_popa4_w0.2.csv",
    "sha256": "1a2e52854e1771f525e1fcc0f80cb939f82488bcce65866459668d7d8f257c42",
    "preflight": {
      "rows": 19998,
      "expected_rows": 19998,
      "columns": [
        "ID",
        "Played"
      ],
      "id_unique": true,
      "id_contiguous": true,
      "labels_binary": true,
      "label_1": 9999,
      "label_0": 9999,
      "bad_users_tophalf": 0
    },
    "comparisons": {
      "rankblend_public_best": {
        "path": "/opt/data/kaggle/kmu-rec-sys-26-steam/submissions/candidate_rank_blend_emb128_emb192.csv",
        "row_diff": 276,
        "row_diff_frac": 0.013801380138013802
      },
      "emb128_anchor": {
        "path": "/opt/data/kaggle/kmu-rec-sys-26-steam/artifacts/lightgcn_emb128L4r3_fulltest/test_candidate/candidate_lightgcn_emb128L4r3_seed_ens.csv",
        "row_diff": 462,
        "row_diff_frac": 0.0231023102310231
      },
      "zblend_public_2": {
        "path": "/opt/data/kaggle/kmu-rec-sys-26-steam/submissions/candidate_emb128_emb64_zblend.csv",
        "row_diff": 628,
        "row_diff_frac": 0.0314031403140314
      }
    }
  },
  "preflight": {
    "file": "/opt/data/kaggle/kmu-rec-sys-26-steam/submissions/candidate_autorun_rankblend_z_plus_score_als_f32_it30_alpha20_popa4_w0.2.csv",
    "sha256": "1a2e52854e1771f525e1fcc0f80cb939f82488bcce65866459668d7d8f257c42",
    "columns": [
      "ID",
      "Played"
    ],
    "rows": 19998,
    "expected_rows": 19998,
    "id_unique": true,
    "id_order_matches_pairs": true,
    "labels_binary": true,
    "label_1": 9999,
    "label_0": 9999,
    "bad_users_tophalf": 0
  },
  "quota": {
    "used_today_utc": 1,
    "remaining": 4,
    "best_score": 0.77825,
    "best_row": {
      "fileName": "candidate_rank_blend_emb128_emb192.csv",
      "date": "2026-06-01 23:17:05.897000",
      "description": "FORCED manual-risk last-slot: rank(emb128 4seed + emb192 4seed), per-user top-half. 3-split acc all positive mean +0.00083 but McNemar rejected; user explicitly requested one final meaningful burn. SHA 835b8b90.",
      "status": "SubmissionStatus.COMPLETE",
      "publicScore": "0.77825",
      "privateScore": ""
    }
  },
  "pre_submissions_csv": "/opt/data/kaggle/kmu-rec-sys-26-steam/reports/20260602T204313KST_autorun_submissions.csv"
}