{
  "run_root": "artifacts/pseudolabel_margin_transduction_20260613T0246KST",
  "validation_only": true,
  "no_kaggle_submit": true,
  "candidate_csv_written": false,
  "external_metadata_used": false,
  "gate": {
    "mean_delta_required": 0.005,
    "min_delta_required": -0.0015,
    "all_splits_required": 3,
    "at_least_two_seed_groups": true
  },
  "best_overall": {
    "top_n": 1.0,
    "min_margin": 1.5,
    "n": 12.0,
    "splits": 3.0,
    "mean_student_acc": 0.7612355804494233,
    "mean_teacher_acc": 0.7619857304794292,
    "mean_delta": -0.0007501500300059564,
    "min_delta": -0.0028005601120223433,
    "max_delta": 0.0017003400680136727,
    "positive_runs": 4.0,
    "mean_pseudo_precision": 0.91091019467421
  },
  "gate_pass": false,
  "overall": [
    {
      "top_n": 1,
      "min_margin": 1.5,
      "n": 12,
      "splits": 3,
      "mean_student_acc": 0.7612355804494233,
      "mean_teacher_acc": 0.7619857304794292,
      "mean_delta": -0.0007501500300059564,
      "min_delta": -0.0028005601120223433,
      "max_delta": 0.0017003400680136727,
      "positive_runs": 4,
      "mean_pseudo_precision": 0.91091019467421
    },
    {
      "top_n": 1,
      "min_margin": 2.5,
      "n": 12,
      "splits": 3,
      "mean_student_acc": 0.7608521704340868,
      "mean_teacher_acc": 0.7619857304794292,
      "mean_delta": -0.0011335600453423837,
      "min_delta": -0.004700940188037572,
      "max_delta": 0.0010002000400080036,
      "positive_runs": 1,
      "mean_pseudo_precision": 0.9444170264266528
    }
  ],
  "by_split": [
    {
      "top_n": 1,
      "min_margin": 1.5,
      "split": "val_random_uniform_seed123",
      "n": 4,
      "mean_student_acc": 0.7606521304260853,
      "mean_teacher_acc": 0.7599519903980796,
      "mean_delta": 0.0007001400280056413,
      "min_delta": -0.0009001800360072254,
      "max_delta": 0.0017003400680136727,
      "mean_pseudo_precision": 0.908573236317621
    },
    {
      "top_n": 1,
      "min_margin": 1.5,
      "split": "val_random_uniform_seed42",
      "n": 4,
      "mean_student_acc": 0.7640778155631126,
      "mean_teacher_acc": 0.7650530106021204,
      "mean_delta": -0.0009751950390077535,
      "min_delta": -0.0028005601120223433,
      "max_delta": 0.00010002000400088917,
      "mean_pseudo_precision": 0.9176507147296458
    },
    {
      "top_n": 1,
      "min_margin": 1.5,
      "split": "val_random_uniform_seed7",
      "n": 4,
      "mean_student_acc": 0.7589767953590718,
      "mean_teacher_acc": 0.7609521904380876,
      "mean_delta": -0.001975395079015757,
      "min_delta": -0.002700540108021565,
      "max_delta": -0.0012002400480095599,
      "mean_pseudo_precision": 0.9065066329753633
    },
    {
      "top_n": 1,
      "min_margin": 2.5,
      "split": "val_random_uniform_seed123",
      "n": 4,
      "mean_student_acc": 0.7599269853970794,
      "mean_teacher_acc": 0.7599519903980796,
      "mean_delta": -2.5005001000194538e-05,
      "min_delta": -0.0004000800160032236,
      "max_delta": 0.0010002000400080036,
      "mean_pseudo_precision": 0.9443194600674916
    },
    {
      "top_n": 1,
      "min_margin": 2.5,
      "split": "val_random_uniform_seed42",
      "n": 4,
      "mean_student_acc": 0.7641528305661132,
      "mean_teacher_acc": 0.7650530106021204,
      "mean_delta": -0.0009001800360071699,
      "min_delta": -0.0016003200640127835,
      "max_delta": -0.0002000400080015563,
      "mean_pseudo_precision": 0.9464487034949267
    },
    {
      "top_n": 1,
      "min_margin": 2.5,
      "split": "val_random_uniform_seed7",
      "n": 4,
      "mean_student_acc": 0.7584766953390678,
      "mean_teacher_acc": 0.7609521904380876,
      "mean_delta": -0.0024754950990197866,
      "min_delta": -0.004700940188037572,
      "max_delta": -0.0010002000400080036,
      "mean_pseudo_precision": 0.9424829157175398
    }
  ],
  "runs": [
    {
      "split": "val_random_uniform_seed123",
      "top_n": 1,
      "min_margin": 1.5,
      "student_seed": 123,
      "teacher_acc": 0.7599519903980796,
      "student_acc": 0.7616523304660933,
      "delta": 0.0017003400680136727,
      "pseudo_edges": 3161,
      "pseudo_precision_diag": 0.908573236317621,
      "tier": "PSEUDO_WEAK_POSITIVE",
      "summary_path": "artifacts/pseudolabel_margin_transduction_20260613T0246KST/val_random_uniform_seed123/topn1_margin1.5/student_seed123/summary.json",
      "validation_only": true,
      "candidate_csv_written": false,
      "no_kaggle_submit": true,
      "external_metadata_used": false
    },
    {
      "split": "val_random_uniform_seed123",
      "top_n": 1,
      "min_margin": 1.5,
      "student_seed": 2024,
      "teacher_acc": 0.7599519903980796,
      "student_acc": 0.7590518103620724,
      "delta": -0.0009001800360072254,
      "pseudo_edges": 3161,
      "pseudo_precision_diag": 0.908573236317621,
      "tier": "PSEUDO_NO_GAIN",
      "summary_path": "artifacts/pseudolabel_margin_transduction_20260613T0246KST/val_random_uniform_seed123/topn1_margin1.5/student_seed2024/summary.json",
      "validation_only": true,
      "candidate_csv_written": false,
      "no_kaggle_submit": true,
      "external_metadata_used": false
    },
    {
      "split": "val_random_uniform_seed123",
      "top_n": 1,
      "min_margin": 1.5,
      "student_seed": 42,
      "teacher_acc": 0.7599519903980796,
      "student_acc": 0.76125225045009,
      "delta": 0.001300260052010449,
      "pseudo_edges": 3161,
      "pseudo_precision_diag": 0.908573236317621,
      "tier": "PSEUDO_WEAK_POSITIVE",
      "summary_path": "artifacts/pseudolabel_margin_transduction_20260613T0246KST/val_random_uniform_seed123/topn1_margin1.5/student_seed42/summary.json",
      "validation_only": true,
      "candidate_csv_written": false,
      "no_kaggle_submit": true,
      "external_metadata_used": false
    },
    {
      "split": "val_random_uniform_seed123",
      "top_n": 1,
      "min_margin": 1.5,
      "student_seed": 7,
      "teacher_acc": 0.7599519903980796,
      "student_acc": 0.7606521304260853,
      "delta": 0.0007001400280056691,
      "pseudo_edges": 3161,
      "pseudo_precision_diag": 0.908573236317621,
      "tier": "PSEUDO_WEAK_POSITIVE",
      "summary_path": "artifacts/pseudolabel_margin_transduction_20260613T0246KST/val_random_uniform_seed123/topn1_margin1.5/student_seed7/summary.json",
      "validation_only": true,
      "candidate_csv_written": false,
      "no_kaggle_submit": true,
      "external_metadata_used": false
    },
    {
      "split": "val_random_uniform_seed123",
      "top_n": 1,
      "min_margin": 2.5,
      "student_seed": 123,
      "teacher_acc": 0.7599519903980796,
      "student_acc": 0.7595519103820764,
      "delta": -0.0004000800160032236,
      "pseudo_edges": 1778,
      "pseudo_precision_diag": 0.9443194600674916,
      "tier": "PSEUDO_NO_GAIN",
      "summary_path": "artifacts/pseudolabel_margin_transduction_20260613T0246KST/val_random_uniform_seed123/topn1_margin2.5/student_seed123/summary.json",
      "validation_only": true,
      "candidate_csv_written": false,
      "no_kaggle_submit": true,
      "external_metadata_used": false
    },
    {
      "split": "val_random_uniform_seed123",
      "top_n": 1,
      "min_margin": 2.5,
      "student_seed": 2024,
      "teacher_acc": 0.7599519903980796,
      "student_acc": 0.7596519303860773,
      "delta": -0.00030006001200233445,
      "pseudo_edges": 1778,
      "pseudo_precision_diag": 0.9443194600674916,
      "tier": "PSEUDO_NO_GAIN",
      "summary_path": "artifacts/pseudolabel_margin_transduction_20260613T0246KST/val_random_uniform_seed123/topn1_margin2.5/student_seed2024/summary.json",
      "validation_only": true,
      "candidate_csv_written": false,
      "no_kaggle_submit": true,
      "external_metadata_used": false
    },
    {
      "split": "val_random_uniform_seed123",
      "top_n": 1,
      "min_margin": 2.5,
      "student_seed": 42,
      "teacher_acc": 0.7599519903980796,